{
  "right_x_offset_m": -0.15,
  "orientation_remap_label": "x_from_xm_y_from_zp_z_from_yp",
  "num_frames": 5,
  "left_success_count": 5,
  "right_success_count": 0,
  "frame_results": [
    {
      "frame_idx": 0,
      "right_x_offset_m": -0.15,
      "left_status": "Success",
      "right_status": "Fail",
      "left_target_world": [
        -0.1859800038255822,
        -0.04101656508015941,
        0.9381357812423151,
        -0.03902240535061129,
        0.8845088143174848,
        0.02533641425521322,
        -0.46419766844310845
      ],
      "right_target_world": [
        -0.12223678752442575,
        -0.017855680862839396,
        0.9669535457396234,
        0.8124892143717999,
        0.3833221372758466,
        0.298360706176323,
        0.3223450086688772
      ]
    },
    {
      "frame_idx": 1,
      "right_x_offset_m": -0.15,
      "left_status": "Success",
      "right_status": "Fail",
      "left_target_world": [
        -0.18703616857651567,
        -0.04083029336161126,
        0.9400942718892671,
        -0.04606181611419812,
        0.8867163488994959,
        0.023928839893830402,
        -0.4593907229276021
      ],
      "right_target_world": [
        -0.12257796065529669,
        -0.017316133280229545,
        0.9669906140322753,
        0.8132615452701185,
        0.3832568142274943,
        0.2951347370622917,
        0.3234429784555894
      ]
    },
    {
      "frame_idx": 2,
      "right_x_offset_m": -0.15,
      "left_status": "Success",
      "right_status": "Fail",
      "left_target_world": [
        -0.1868435968368936,
        -0.03999562161185205,
        0.9410679549503876,
        -0.04747137250818947,
        0.889216890830558,
        0.02085374999672425,
        -0.45453812927509
      ],
      "right_target_world": [
        -0.12412575432920994,
        -0.017920146236680923,
        0.968683191451067,
        0.81264959411535,
        0.3855611201787026,
        0.29402211314879023,
        0.32325571421124333
      ]
    },
    {
      "frame_idx": 3,
      "right_x_offset_m": -0.15,
      "left_status": "Success",
      "right_status": "Fail",
      "left_target_world": [
        -0.18667143584181345,
        -0.03988933732541744,
        0.9430452084309244,
        -0.04464255431648205,
        0.8899135390063407,
        0.019359064256660428,
        -0.4535263631459771
      ],
      "right_target_world": [
        -0.12328546727159893,
        -0.01659142635865296,
        0.9644993831120832,
        0.8179010821558381,
        0.3798666957969953,
        0.2924453727984108,
        0.31814276223321614
      ]
    },
    {
      "frame_idx": 4,
      "right_x_offset_m": -0.15,
      "left_status": "Success",
      "right_status": "Fail",
      "left_target_world": [
        -0.18777115128751487,
        -0.03911983443474429,
        0.9413912322478437,
        -0.05377378272986815,
        0.8878150894758281,
        0.019600865505916023,
        -0.45662736805996135
      ],
      "right_target_world": [
        -0.12525077079162408,
        -0.01897257060109253,
        0.969683913000702,
        0.8091082552173259,
        0.38486720245303946,
        0.3032778577580714,
        0.32441271369787716
      ]
    }
  ]
}