{
  "right_x_offset_m": -0.1,
  "orientation_remap_label": "x_from_xm_y_from_zp_z_from_yp",
  "num_frames": 2,
  "left_success_count": 2,
  "right_success_count": 0,
  "frame_results": [
    {
      "frame_idx": 0,
      "right_x_offset_m": -0.1,
      "left_status": "Success",
      "right_status": "Fail",
      "left_target_world": [
        -0.18598008253066997,
        -0.04101650173804666,
        0.9381356304576626,
        -0.03902231651919478,
        0.8845088147533852,
        0.02533642054599842,
        -0.4641976747366943
      ],
      "right_target_world": [
        -0.07223686824290686,
        -0.0178555930438572,
        0.9669533902163276,
        0.8124892274215388,
        0.3833220625574544,
        0.2983607509788886,
        0.32234502315991104
      ]
    },
    {
      "frame_idx": 1,
      "right_x_offset_m": -0.1,
      "left_status": "Success",
      "right_status": "Fail",
      "left_target_world": [
        -0.18703603865103488,
        -0.04083029159119586,
        0.9400946865855447,
        -0.046061993986591644,
        0.8867163703402963,
        0.02392886539126655,
        -0.45939066237963155
      ],
      "right_target_world": [
        -0.07257783104710507,
        -0.017316167415960204,
        0.9669910626494078,
        0.8132615181836161,
        0.3832569512619368,
        0.29513460902567445,
        0.3234430010161721
      ]
    }
  ]
}