{
  "right_x_offset_m": -0.3,
  "orientation_remap_label": "x_from_xm_y_from_zp_z_from_yp",
  "num_frames": 5,
  "left_success_count": 5,
  "right_success_count": 0,
  "frame_results": [
    {
      "frame_idx": 0,
      "right_x_offset_m": -0.3,
      "left_status": "Success",
      "right_status": "Fail",
      "left_target_world": [
        -0.1859800038255822,
        -0.04101656508015941,
        0.9381357812423151,
        -0.03902240535061129,
        0.8845088143174848,
        0.02533641425521322,
        -0.46419766844310845
      ],
      "right_target_world": [
        -0.27223678752442576,
        -0.017855680862839396,
        0.9669535457396234,
        0.8124892143717999,
        0.3833221372758466,
        0.298360706176323,
        0.3223450086688772
      ]
    },
    {
      "frame_idx": 1,
      "right_x_offset_m": -0.3,
      "left_status": "Success",
      "right_status": "Fail",
      "left_target_world": [
        -0.18703620925980885,
        -0.04083029872456326,
        0.9400945010394648,
        -0.04606180554427833,
        0.8867163651530394,
        0.02392886029112933,
        -0.45939069155235435
      ],
      "right_target_world": [
        -0.27257800429363876,
        -0.017316129589518336,
        0.9669908588293974,
        0.8132615492094024,
        0.38325679619841463,
        0.29513471548429443,
        0.3234430096033215
      ]
    },
    {
      "frame_idx": 2,
      "right_x_offset_m": -0.3,
      "left_status": "Success",
      "right_status": "Fail",
      "left_target_world": [
        -0.1868435588421142,
        -0.03999567741489876,
        0.9410680629502821,
        -0.04747138092161147,
        0.8892169093926843,
        0.020853727507032415,
        -0.45453809311495624
      ],
      "right_target_world": [
        -0.27412571736299635,
        -0.01792021291120416,
        0.9686833160645123,
        0.8126496151712376,
        0.3855611127511662,
        0.29402207210344194,
        0.3232557074702942
      ]
    },
    {
      "frame_idx": 3,
      "right_x_offset_m": -0.3,
      "left_status": "Success",
      "right_status": "Fail",
      "left_target_world": [
        -0.18667163556926042,
        -0.039889173891801216,
        0.9430453983475624,
        -0.04464259226935931,
        0.8899134927471983,
        0.01935924257984471,
        -0.45352644256833435
      ],
      "right_target_world": [
        -0.27328567017548566,
        -0.0165912055921974,
        0.96449954236197,
        0.8179009672884768,
        0.3798667741878851,
        0.29244546064381993,
        0.3181428831916382
      ]
    },
    {
      "frame_idx": 4,
      "right_x_offset_m": -0.3,
      "left_status": "Success",
      "right_status": "Fail",
      "left_target_world": [
        -0.18777106200868693,
        -0.03911964239227167,
        0.9413909536565006,
        -0.05377369082804693,
        0.8878150794251616,
        0.019600792211093152,
        -0.4566274015701656
      ],
      "right_target_world": [
        -0.2752506785979957,
        -0.018972381013238476,
        0.9696836142627746,
        0.8091082953291959,
        0.38486712749905616,
        0.303277916515378,
        0.32441264764833
      ]
    }
  ]
}