{
  "right_x_offset_m": -0.25,
  "orientation_remap_label": "x_from_xm_y_from_zp_z_from_yp",
  "num_frames": 5,
  "left_success_count": 5,
  "right_success_count": 0,
  "frame_results": [
    {
      "frame_idx": 0,
      "right_x_offset_m": -0.25,
      "left_status": "Success",
      "right_status": "Fail",
      "left_target_world": [
        -0.1859800038255822,
        -0.04101656508015941,
        0.9381357812423151,
        -0.03902240535061129,
        0.8845088143174848,
        0.02533641425521322,
        -0.46419766844310845
      ],
      "right_target_world": [
        -0.22223678752442577,
        -0.017855680862839396,
        0.9669535457396234,
        0.8124892143717999,
        0.3833221372758466,
        0.298360706176323,
        0.3223450086688772
      ]
    },
    {
      "frame_idx": 1,
      "right_x_offset_m": -0.25,
      "left_status": "Success",
      "right_status": "Fail",
      "left_target_world": [
        -0.18703629743178296,
        -0.04083037136554968,
        0.9400946501619575,
        -0.046061840355203755,
        0.8867163519305993,
        0.02392891812201532,
        -0.4593907105716128
      ],
      "right_target_world": [
        -0.22257809304575393,
        -0.017316189681364585,
        0.9669910016065446,
        0.8132615091092582,
        0.383256839093484,
        0.29513472800549256,
        0.32344304817777
      ]
    },
    {
      "frame_idx": 2,
      "right_x_offset_m": -0.25,
      "left_status": "Success",
      "right_status": "Fail",
      "left_target_world": [
        -0.1868435968368936,
        -0.03999562161185205,
        0.9410679549503876,
        -0.04747137250818947,
        0.889216890830558,
        0.02085374999672425,
        -0.45453812927509
      ],
      "right_target_world": [
        -0.22412575432920995,
        -0.017920146236680923,
        0.968683191451067,
        0.81264959411535,
        0.3855611201787026,
        0.29402211314879023,
        0.32325571421124333
      ]
    },
    {
      "frame_idx": 3,
      "right_x_offset_m": -0.25,
      "left_status": "Success",
      "right_status": "Fail",
      "left_target_world": [
        -0.18667143956710375,
        -0.03988933732541744,
        0.9430452084309244,
        -0.04464255431648205,
        0.8899135390063407,
        0.019359064256660428,
        -0.4535263631459771
      ],
      "right_target_world": [
        -0.22328547099688922,
        -0.01659142635865296,
        0.9644993831120832,
        0.8179010821558381,
        0.3798666957969953,
        0.2924453727984108,
        0.31814276223321614
      ]
    },
    {
      "frame_idx": 4,
      "right_x_offset_m": -0.25,
      "left_status": "Success",
      "right_status": "Fail",
      "left_target_world": [
        -0.18777116066482386,
        -0.03911967056179838,
        0.9413912290705587,
        -0.05377377171291071,
        0.8878150823346006,
        0.019600846826080806,
        -0.4566273840437898
      ],
      "right_target_world": [
        -0.22525077871153731,
        -0.01897241018195503,
        0.9696839013356543,
        0.8091082601293821,
        0.3848671968130302,
        0.30327787437165993,
        0.3244126926066427
      ]
    }
  ]
}