{
  "right_x_offset_m": 0.2,
  "orientation_remap_label": "x_from_xm_y_from_zp_z_from_yp",
  "num_frames": 3,
  "left_success_count": 3,
  "right_success_count": 3,
  "frame_results": [
    {
      "frame_idx": 0,
      "right_x_offset_m": 0.2,
      "left_status": "Success",
      "right_status": "Success",
      "left_target_world": [
        -0.1859800038255822,
        -0.04101656508015941,
        0.9381357812423151,
        -0.03902240535061129,
        0.8845088143174848,
        0.02533641425521322,
        -0.46419766844310845
      ],
      "right_target_world": [
        0.22776321247557424,
        -0.017855680862839396,
        0.9669535457396234,
        0.8124892143717999,
        0.3833221372758466,
        0.298360706176323,
        0.3223450086688772
      ]
    },
    {
      "frame_idx": 1,
      "right_x_offset_m": 0.2,
      "left_status": "Success",
      "right_status": "Success",
      "left_target_world": [
        -0.18703684384019473,
        -0.04082913890185583,
        0.9400955678714984,
        -0.04606209086206928,
        0.8867161163015278,
        0.02392950155466984,
        -0.4593911098746852
      ],
      "right_target_world": [
        0.22742136424395398,
        -0.017314800811387976,
        0.9669917530896763,
        0.8132610525939934,
        0.3832572557373946,
        0.2951350914294341,
        0.3234433707239813
      ]
    },
    {
      "frame_idx": 2,
      "right_x_offset_m": 0.2,
      "left_status": "Success",
      "right_status": "Success",
      "left_target_world": [
        -0.18684118378724798,
        -0.039995090043164594,
        0.9410674166981863,
        -0.04747212933238841,
        0.8892175135478407,
        0.020852438209841614,
        -0.45453689218494636
      ],
      "right_target_world": [
        0.22587665649571081,
        -0.01792029181387042,
        0.9686832116286529,
        0.8126504611411626,
        0.38556122280521316,
        0.2940204189994989,
        0.3232549530747579
      ]
    }
  ]
}