{
  "right_x_offset_m": 0.35,
  "orientation_remap_label": "x_from_xm_y_from_zp_z_from_yp",
  "num_frames": 3,
  "left_success_count": 3,
  "right_success_count": 3,
  "frame_results": [
    {
      "frame_idx": 0,
      "right_x_offset_m": 0.35,
      "left_status": "Success",
      "right_status": "Success",
      "left_target_world": [
        -0.1859800038255822,
        -0.04101656508015941,
        0.9381357812423151,
        -0.03902240535061129,
        0.8845088143174848,
        0.02533641425521322,
        -0.46419766844310845
      ],
      "right_target_world": [
        0.3777632124755742,
        -0.017855680862839396,
        0.9669535457396234,
        0.8124892143717999,
        0.3833221372758466,
        0.298360706176323,
        0.3223450086688772
      ]
    },
    {
      "frame_idx": 1,
      "right_x_offset_m": 0.35,
      "left_status": "Success",
      "right_status": "Success",
      "left_target_world": [
        -0.18703632942936566,
        -0.04082984218665159,
        0.9400945827009979,
        -0.046061929291255604,
        0.886716351601082,
        0.02392902986751143,
        -0.4593906964696102
      ],
      "right_target_world": [
        0.37742187142146,
        -0.017315642824380473,
        0.9669909468784414,
        0.8132614449859007,
        0.3832569232951857,
        0.29513469535007403,
        0.32344313943314995
      ]
    },
    {
      "frame_idx": 2,
      "right_x_offset_m": 0.35,
      "left_status": "Success",
      "right_status": "Success",
      "left_target_world": [
        -0.18684341923825262,
        -0.03999530819129404,
        0.9410675024157975,
        -0.047471202585419585,
        0.8892169111188227,
        0.020853623449850426,
        -0.4545381131372877
      ],
      "right_target_world": [
        0.3758744237142726,
        -0.01791983677948228,
        0.9686827386581887,
        0.8126496927908384,
        0.38556095403847934,
        0.29402214956966494,
        0.3232556311811557
      ]
    }
  ]
}