{
  "right_x_offset_m": 0.3,
  "orientation_remap_label": "x_from_xm_y_from_zp_z_from_yp",
  "num_frames": 3,
  "left_success_count": 3,
  "right_success_count": 3,
  "frame_results": [
    {
      "frame_idx": 0,
      "right_x_offset_m": 0.3,
      "left_status": "Success",
      "right_status": "Success",
      "left_target_world": [
        -0.1859800038255822,
        -0.04101656508015941,
        0.9381357812423151,
        -0.03902240535061129,
        0.8845088143174848,
        0.02533641425521322,
        -0.46419766844310845
      ],
      "right_target_world": [
        0.3277632124755742,
        -0.017855680862839396,
        0.9669535457396234,
        0.8124892143717999,
        0.3833221372758466,
        0.298360706176323,
        0.3223450086688772
      ]
    },
    {
      "frame_idx": 1,
      "right_x_offset_m": 0.3,
      "left_status": "Success",
      "right_status": "Success",
      "left_target_world": [
        -0.18703625816863748,
        -0.04082985169006015,
        0.9400947179561001,
        -0.04606198572048554,
        0.8867163522317064,
        0.023929006369933895,
        -0.45939069081831635
      ],
      "right_target_world": [
        0.3274219447398419,
        -0.01731567461816161,
        0.9669910852142318,
        0.8132614459647431,
        0.38325696824939187,
        0.29513466226439944,
        0.323443113894389
      ]
    },
    {
      "frame_idx": 2,
      "right_x_offset_m": 0.3,
      "left_status": "Success",
      "right_status": "Success",
      "left_target_world": [
        -0.18684351376154984,
        -0.03999562949116295,
        0.941067302971545,
        -0.047471058060821254,
        0.889216957805777,
        0.020853614060439656,
        -0.45453803732783854
      ],
      "right_target_world": [
        0.3258743218240808,
        -0.01792012826027295,
        0.9686825721232584,
        0.8126497539877492,
        0.3855608006206081,
        0.2940221389298315,
        0.32325567000065664
      ]
    }
  ]
}