{
  "right_x_offset_m": -0.2,
  "orientation_remap_label": "x_from_xm_y_from_zp_z_from_yp",
  "num_frames": 5,
  "left_success_count": 5,
  "right_success_count": 0,
  "frame_results": [
    {
      "frame_idx": 0,
      "right_x_offset_m": -0.2,
      "left_status": "Success",
      "right_status": "Fail",
      "left_target_world": [
        -0.1859800038255822,
        -0.04101656508015941,
        0.9381357812423151,
        -0.03902240535061129,
        0.8845088143174848,
        0.02533641425521322,
        -0.46419766844310845
      ],
      "right_target_world": [
        -0.17223678752442578,
        -0.017855680862839396,
        0.9669535457396234,
        0.8124892143717999,
        0.3833221372758466,
        0.298360706176323,
        0.3223450086688772
      ]
    },
    {
      "frame_idx": 1,
      "right_x_offset_m": -0.2,
      "left_status": "Success",
      "right_status": "Fail",
      "left_target_world": [
        -0.18703621298509915,
        -0.04083029872456326,
        0.9400945010394648,
        -0.04606180554427833,
        0.8867163651530394,
        0.02392886029112933,
        -0.45939069155235435
      ],
      "right_target_world": [
        -0.17257800801892909,
        -0.017316129589518336,
        0.9669908588293974,
        0.8132615492094024,
        0.38325679619841463,
        0.29513471548429443,
        0.3234430096033215
      ]
    },
    {
      "frame_idx": 2,
      "right_x_offset_m": -0.2,
      "left_status": "Success",
      "right_status": "Fail",
      "left_target_world": [
        -0.1868435968368936,
        -0.03999562161185205,
        0.9410679549503876,
        -0.04747137250818947,
        0.889216890830558,
        0.02085374999672425,
        -0.45453812927509
      ],
      "right_target_world": [
        -0.17412575432920996,
        -0.017920146236680923,
        0.968683191451067,
        0.81264959411535,
        0.3855611201787026,
        0.29402211314879023,
        0.32325571421124333
      ]
    },
    {
      "frame_idx": 3,
      "right_x_offset_m": -0.2,
      "left_status": "Success",
      "right_status": "Fail",
      "left_target_world": [
        -0.18667145571927654,
        -0.03988922368266301,
        0.9430452028800175,
        -0.04464257895758657,
        0.8899135644794276,
        0.019359062721033448,
        -0.4535263108024699
      ],
      "right_target_world": [
        -0.1732854889038199,
        -0.016591320181888275,
        0.9644994031218098,
        0.8179010958694387,
        0.3798666992354834,
        0.2924453131421973,
        0.3181427777094307
      ]
    },
    {
      "frame_idx": 4,
      "right_x_offset_m": -0.2,
      "left_status": "Success",
      "right_status": "Fail",
      "left_target_world": [
        -0.18777116066482386,
        -0.03911967056179838,
        0.9413912290705587,
        -0.05377377171291071,
        0.8878150823346006,
        0.019600846826080806,
        -0.4566273840437898
      ],
      "right_target_world": [
        -0.17525077871153733,
        -0.01897241018195503,
        0.9696839013356543,
        0.8091082601293821,
        0.3848671968130302,
        0.30327787437165993,
        0.3244126926066427
      ]
    }
  ]
}