{
  "right_x_offset_m": 0.5,
  "orientation_remap_label": "x_from_xm_y_from_zp_z_from_yp",
  "num_frames": 3,
  "left_success_count": 3,
  "right_success_count": 3,
  "frame_results": [
    {
      "frame_idx": 0,
      "right_x_offset_m": 0.5,
      "left_status": "Success",
      "right_status": "Success",
      "left_target_world": [
        -0.18598008253066997,
        -0.04101650173804666,
        0.9381356304576626,
        -0.03902231651919478,
        0.8845088147533852,
        0.02533642054599842,
        -0.4641976747366943
      ],
      "right_target_world": [
        0.5277631317570931,
        -0.0178555930438572,
        0.9669533902163276,
        0.8124892274215388,
        0.3833220625574544,
        0.2983607509788886,
        0.32234502315991104
      ]
    },
    {
      "frame_idx": 1,
      "right_x_offset_m": 0.5,
      "left_status": "Success",
      "right_status": "Success",
      "left_target_world": [
        -0.18703620879973643,
        -0.04082990586393548,
        0.9400946043794536,
        -0.04606196131989837,
        0.8867163263806134,
        0.02392900765089135,
        -0.4593907430959806
      ],
      "right_target_world": [
        0.527421996483662,
        -0.017315721063333123,
        0.966990945944326,
        0.813261432086352,
        0.383256965172736,
        0.2951347218174163,
        0.3234430980948525
      ]
    },
    {
      "frame_idx": 2,
      "right_x_offset_m": 0.5,
      "left_status": "Success",
      "right_status": "Success",
      "left_target_world": [
        -0.18684340414849113,
        -0.03999540845025473,
        0.9410674775488652,
        -0.04747115979138237,
        0.8892169289919748,
        0.020853627369728355,
        -0.4545380824613785
      ],
      "right_target_world": [
        0.5258744358572756,
        -0.01791992604344192,
        0.9686827277005391,
        0.8126497107587798,
        0.3855609063941896,
        0.29402213985508563,
        0.3232556516740258
      ]
    }
  ]
}