{
  "right_x_offset_m": 0.45,
  "orientation_remap_label": "x_from_xm_y_from_zp_z_from_yp",
  "num_frames": 3,
  "left_success_count": 3,
  "right_success_count": 3,
  "frame_results": [
    {
      "frame_idx": 0,
      "right_x_offset_m": 0.45,
      "left_status": "Success",
      "right_status": "Success",
      "left_target_world": [
        -0.1859800038255822,
        -0.04101656508015941,
        0.9381357812423151,
        -0.03902240535061129,
        0.8845088143174848,
        0.02533641425521322,
        -0.46419766844310845
      ],
      "right_target_world": [
        0.47776321247557424,
        -0.017855680862839396,
        0.9669535457396234,
        0.8124892143717999,
        0.3833221372758466,
        0.298360706176323,
        0.3223450086688772
      ]
    },
    {
      "frame_idx": 1,
      "right_x_offset_m": 0.45,
      "left_status": "Success",
      "right_status": "Success",
      "left_target_world": [
        -0.18703624452282971,
        -0.040829929831440376,
        0.9400946094725329,
        -0.046061953213376375,
        0.8867163310920136,
        0.023929069120416698,
        -0.4593907316129895
      ],
      "right_target_world": [
        0.4774219572253808,
        -0.017315721465679668,
        0.9669909586233532,
        0.8132614099067299,
        0.3832569603708593,
        0.2951347245599219,
        0.32344315705042587
      ]
    },
    {
      "frame_idx": 2,
      "right_x_offset_m": 0.45,
      "left_status": "Success",
      "right_status": "Success",
      "left_target_world": [
        -0.1868434488519747,
        -0.03999546805489951,
        0.9410673583395757,
        -0.04747115979138237,
        0.8892169289919748,
        0.020853627369728355,
        -0.4545380824613785
      ],
      "right_target_world": [
        0.47587439115379204,
        -0.017919985648086695,
        0.9686826084912495,
        0.8126497107587798,
        0.3855609063941896,
        0.29402213985508563,
        0.3232556516740258
      ]
    }
  ]
}