{
  "right_x_offset_m": 0.4,
  "orientation_remap_label": "x_from_xm_y_from_zp_z_from_yp",
  "num_frames": 3,
  "left_success_count": 3,
  "right_success_count": 3,
  "frame_results": [
    {
      "frame_idx": 0,
      "right_x_offset_m": 0.4,
      "left_status": "Success",
      "right_status": "Success",
      "left_target_world": [
        -0.1859800038255822,
        -0.04101656508015941,
        0.9381357812423151,
        -0.03902240535061129,
        0.8845088143174848,
        0.02533641425521322,
        -0.46419766844310845
      ],
      "right_target_world": [
        0.42776321247557425,
        -0.017855680862839396,
        0.9669535457396234,
        0.8124892143717999,
        0.3833221372758466,
        0.298360706176323,
        0.3223450086688772
      ]
    },
    {
      "frame_idx": 1,
      "right_x_offset_m": 0.4,
      "left_status": "Success",
      "right_status": "Success",
      "left_target_world": [
        -0.1870364874620719,
        -0.04083009751762717,
        0.9400949464051526,
        -0.04606204413435762,
        0.8867162728601483,
        0.023929262472001323,
        -0.45939082482426424
      ],
      "right_target_world": [
        0.42742171344308616,
        -0.017315840230081675,
        0.9669912595079814,
        0.8132612707068647,
        0.3832570917987632,
        0.2951348049878562,
        0.3234432779313713
      ]
    },
    {
      "frame_idx": 2,
      "right_x_offset_m": 0.4,
      "left_status": "Success",
      "right_status": "Success",
      "left_target_world": [
        -0.186843452577265,
        -0.03999546805489951,
        0.9410673583395757,
        -0.04747115979138237,
        0.8892169289919748,
        0.020853627369728355,
        -0.4545380824613785
      ],
      "right_target_world": [
        0.42587438742850175,
        -0.017919985648086695,
        0.9686826084912495,
        0.8126497107587798,
        0.3855609063941896,
        0.29402213985508563,
        0.3232556516740258
      ]
    }
  ]
}