{
  "right_x_offset_m": 0.25,
  "orientation_remap_label": "x_from_xm_y_from_zp_z_from_yp",
  "num_frames": 3,
  "left_success_count": 3,
  "right_success_count": 3,
  "frame_results": [
    {
      "frame_idx": 0,
      "right_x_offset_m": 0.25,
      "left_status": "Success",
      "right_status": "Success",
      "left_target_world": [
        -0.1859800038255822,
        -0.04101656508015941,
        0.9381357812423151,
        -0.03902240535061129,
        0.8845088143174848,
        0.02533641425521322,
        -0.46419766844310845
      ],
      "right_target_world": [
        0.27776321247557423,
        -0.017855680862839396,
        0.9669535457396234,
        0.8124892143717999,
        0.3833221372758466,
        0.298360706176323,
        0.3223450086688772
      ]
    },
    {
      "frame_idx": 1,
      "right_x_offset_m": 0.25,
      "left_status": "Success",
      "right_status": "Success",
      "left_target_world": [
        -0.18703625787338826,
        -0.04083011807314091,
        0.9400952267242078,
        -0.04606230879857706,
        0.8867163511535213,
        0.02392919962442989,
        -0.45939065043866945
      ],
      "right_target_world": [
        0.27742194207998483,
        -0.01731595218819207,
        0.9669916273250598,
        0.8132613056943786,
        0.38325725622903367,
        0.2951345189828699,
        0.3234432560941986
      ]
    },
    {
      "frame_idx": 2,
      "right_x_offset_m": 0.25,
      "left_status": "Success",
      "right_status": "Success",
      "left_target_world": [
        -0.18684328829979638,
        -0.039995403962163806,
        0.9410677182558329,
        -0.04747142618809111,
        0.8892169026044388,
        0.02085368516336576,
        -0.45453810360996594
      ],
      "right_target_world": [
        0.27587455657089577,
        -0.017919965124396503,
        0.9686829657622402,
        0.8126496211287442,
        0.385561151806106,
        0.29402205556826994,
        0.323255660950689
      ]
    }
  ]
}